block_state,r,g,b,a
minecraft:acacia_planks,168,90,50,255
minecraft:amethyst_block,133,97,191,255
minecraft:andesite,136,136,136,255
minecraft:azalea_leaves,90,114,44,196
minecraft:bamboo_mosaic,190,170,78,255
minecraft:bamboo_planks,193,173,80,255
minecraft:bedrock,85,85,85,255
minecraft:birch_planks,192,175,121,255
minecraft:black_concrete,8,10,15,255
minecraft:black_concrete_powder,25,26,31,255
minecraft:black_stained_glass,25,25,25,117
minecraft:black_terracotta,37,22,16,255
minecraft:black_wool,20,21,25,255
minecraft:blue_concrete,44,46,143,255
minecraft:blue_concrete_powder,70,73,166,255
minecraft:blue_ice,116,167,253,255
minecraft:blue_stained_glass,51,76,178,117
minecraft:blue_terracotta,74,59,91,255
minecraft:blue_wool,53,57,157,255
minecraft:brain_coral_block,207,91,159,255
minecraft:bricks,150,97,83,255
minecraft:brown_concrete,96,59,31,255
minecraft:brown_concrete_powder,125,84,53,255
minecraft:brown_mushroom_block,149,111,81,255
minecraft:brown_stained_glass,102,76,51,117
minecraft:brown_terracotta,77,51,35,255
minecraft:brown_wool,114,71,40,255
minecraft:bubble_coral_block,165,26,162,255
minecraft:calcite,223,224,220,255
minecraft:cherry_planks,226,178,172,255
minecraft:waxed_chiseled_copper,184,100,73,255
minecraft:chiseled_deepslate,54,54,54,255
minecraft:chiseled_nether_bricks,47,23,28,255
minecraft:chiseled_polished_blackstone,53,48,56,255
minecraft:chiseled_stone_bricks,119,118,119,255
minecraft:clay,160,166,179,255
minecraft:coal_block,16,15,15,255
minecraft:coal_ore,105,105,105,255
minecraft:coarse_dirt,119,85,59,255
minecraft:cobbled_deepslate,77,77,80,255
minecraft:cobblestone,127,127,127,255
minecraft:waxed_copper_block,192,107,79,255
minecraft:waxed_copper_bulb,156,86,57,255
minecraft:waxed_copper_grate,191,107,79,178
minecraft:copper_ore,124,125,120,255
minecraft:cracked_deepslate_bricks,64,64,65,255
minecraft:cracked_deepslate_tiles,52,52,52,255
minecraft:cracked_nether_bricks,40,20,23,255
minecraft:cracked_polished_blackstone_bricks,44,37,43,255
minecraft:cracked_stone_bricks,118,117,118,255
minecraft:crimson_planks,101,48,70,255
minecraft:crying_obsidian,32,10,60,255
minecraft:waxed_cut_copper,191,106,80,255
minecraft:cyan_concrete,21,119,136,255
minecraft:cyan_concrete_powder,36,147,157,255
minecraft:cyan_stained_glass,76,127,153,117
minecraft:cyan_terracotta,86,91,91,255
minecraft:cyan_wool,21,137,145,255
minecraft:dark_oak_planks,66,43,20,255
minecraft:dark_prismarine,51,91,75,255
minecraft:dead_brain_coral_block,124,117,114,255
minecraft:dead_bubble_coral_block,131,123,119,255
minecraft:dead_fire_coral_block,131,123,119,255
minecraft:dead_horn_coral_block,133,126,122,255
minecraft:dead_tube_coral_block,130,123,119,255
minecraft:deepslate_bricks,70,70,71,255
minecraft:deepslate_coal_ore,74,74,76,255
minecraft:deepslate_copper_ore,92,93,89,255
minecraft:deepslate_diamond_ore,83,106,106,255
minecraft:deepslate_emerald_ore,78,104,87,255
minecraft:deepslate_gold_ore,115,102,78,255
minecraft:deepslate_iron_ore,106,99,94,255
minecraft:deepslate_lapis_ore,79,90,115,255
minecraft:deepslate_redstone_ore,104,73,74,255
minecraft:deepslate_tiles,54,54,55,255
minecraft:diamond_block,98,237,228,255
minecraft:diamond_ore,121,141,140,255
minecraft:diorite,188,188,188,255
minecraft:dirt,134,96,67,255
minecraft:dripstone_block,134,107,92,255
minecraft:emerald_block,42,203,87,255
minecraft:emerald_ore,108,136,115,255
minecraft:end_stone,219,222,158,255
minecraft:end_stone_bricks,218,224,162,255
minecraft:waxed_exposed_chiseled_copper,154,119,100,255
minecraft:waxed_exposed_copper,161,125,103,255
minecraft:waxed_exposed_copper_bulb,135,107,89,255
minecraft:waxed_exposed_copper_grate,161,125,104,178
minecraft:waxed_exposed_cut_copper,154,121,101,255
minecraft:fire_coral_block,163,35,46,255
minecraft:flowering_azalea_leaves,99,111,60,204
minecraft:frosted_ice_0,140,181,252,190
minecraft:frosted_ice_1,139,180,252,193
minecraft:frosted_ice_2,138,179,252,199
minecraft:frosted_ice_3,135,178,252,212
minecraft:gilded_blackstone,55,42,38,255
minecraft:glass,175,213,219,64
minecraft:glowstone,171,131,84,255
minecraft:gold_block,246,208,61,255
minecraft:gold_ore,145,133,106,255
minecraft:granite,149,103,85,255
minecraft:gravel,131,127,126,255
minecraft:gray_concrete,54,57,61,255
minecraft:gray_concrete_powder,76,81,84,255
minecraft:gray_stained_glass,76,76,76,117
minecraft:gray_terracotta,57,42,35,255
minecraft:gray_wool,62,68,71,255
minecraft:green_concrete,73,91,36,255
minecraft:green_concrete_powder,97,119,44,255
minecraft:green_stained_glass,102,127,51,117
minecraft:green_terracotta,76,83,42,255
minecraft:green_wool,84,109,27,255
minecraft:honeycomb_block,229,148,29,255
minecraft:horn_coral_block,216,199,66,255
minecraft:ice,145,183,253,190
minecraft:iron_block,220,220,220,255
minecraft:iron_ore,136,129,122,255
minecraft:jungle_planks,160,115,80,255
minecraft:lapis_block,30,67,140,255
minecraft:lapis_ore,107,117,141,255
minecraft:light_blue_concrete,35,137,198,255
minecraft:light_blue_concrete_powder,74,180,213,255
minecraft:light_blue_stained_glass,102,153,216,117
minecraft:light_blue_terracotta,113,108,137,255
minecraft:light_blue_wool,58,175,217,255
minecraft:light_gray_concrete,125,125,115,255
minecraft:light_gray_concrete_powder,154,154,148,255
minecraft:light_gray_stained_glass,153,153,153,117
minecraft:light_gray_terracotta,135,106,97,255
minecraft:light_gray_wool,142,142,134,255
minecraft:lime_concrete,94,168,24,255
minecraft:lime_concrete_powder,125,189,41,255
minecraft:lime_stained_glass,127,204,25,117
minecraft:lime_terracotta,103,117,52,255
minecraft:lime_wool,112,185,25,255
minecraft:magenta_concrete,169,48,159,255
minecraft:magenta_concrete_powder,192,83,184,255
minecraft:magenta_stained_glass,178,76,216,117
minecraft:magenta_terracotta,149,88,108,255
minecraft:magenta_wool,189,68,179,255
minecraft:magma_block,142,63,31,255
minecraft:mangrove_planks,117,54,48,255
minecraft:moss_block,89,109,45,255
minecraft:mossy_cobblestone,110,118,94,255
minecraft:mossy_stone_bricks,115,121,105,255
minecraft:mud,60,57,60,255
minecraft:mud_bricks,137,103,79,255
minecraft:mushroom_stem,203,196,185,255
minecraft:nether_bricks,44,21,26,255
minecraft:nether_gold_ore,115,54,42,255
minecraft:nether_quartz_ore,117,65,62,255
minecraft:nether_wart_block,114,2,2,255
minecraft:netherite_block,66,61,63,255
minecraft:netherrack,97,38,38,255
minecraft:note_block,88,58,40,255
minecraft:oak_planks,162,130,78,255
minecraft:obsidian,15,10,24,255
minecraft:orange_concrete,224,97,0,255
minecraft:orange_concrete_powder,227,131,31,255
minecraft:orange_stained_glass,216,127,51,117
minecraft:orange_terracotta,161,83,37,255
minecraft:orange_wool,240,118,19,255
minecraft:waxed_oxidized_chiseled_copper,83,161,132,255
minecraft:waxed_oxidized_copper,82,162,132,255
minecraft:waxed_oxidized_copper_bulb,70,132,109,255
minecraft:waxed_oxidized_copper_grate,82,161,131,178
minecraft:waxed_oxidized_cut_copper,79,153,126,255
minecraft:packed_ice,141,180,250,255
minecraft:packed_mud,142,106,79,255
minecraft:pink_concrete,213,101,142,255
minecraft:pink_concrete_powder,228,153,181,255
minecraft:pink_stained_glass,242,127,165,117
minecraft:pink_terracotta,161,78,78,255
minecraft:pink_wool,237,141,172,255
minecraft:polished_andesite,132,134,133,255
minecraft:polished_blackstone,53,48,56,255
minecraft:polished_blackstone_bricks,48,42,49,255
minecraft:polished_deepslate,72,72,73,255
minecraft:polished_diorite,192,193,194,255
minecraft:polished_granite,154,106,89,255
minecraft:polished_tuff,97,104,99,255
minecraft:prismarine,99,156,151,255
minecraft:prismarine_bricks,99,171,158,255
minecraft:purple_concrete,100,31,156,255
minecraft:purple_concrete_powder,131,55,177,255
minecraft:purple_stained_glass,127,63,178,117
minecraft:purple_terracotta,118,70,86,255
minecraft:purple_wool,121,42,172,255
minecraft:purpur_block,169,125,169,255
minecraft:quartz_bricks,234,229,221,255
minecraft:raw_copper_block,154,105,79,255
minecraft:raw_gold_block,221,169,46,255
minecraft:raw_iron_block,166,135,107,255
minecraft:red_concrete,142,32,32,255
minecraft:red_concrete_powder,168,54,50,255
minecraft:red_mushroom_block,200,46,45,255
minecraft:red_nether_bricks,69,7,9,255
minecraft:red_sand,190,102,33,255
minecraft:red_stained_glass,153,51,51,117
minecraft:red_terracotta,143,61,46,255
minecraft:red_wool,160,39,34,255
minecraft:redstone_block,175,24,5,255
minecraft:redstone_lamp,95,54,30,255
minecraft:redstone_ore,140,109,109,255
minecraft:rooted_dirt,144,103,76,255
minecraft:sand,219,207,163,255
minecraft:sculk,12,29,36,255
minecraft:sea_lantern,172,199,190,255
minecraft:shroomlight,240,146,70,255
minecraft:smooth_basalt,72,72,78,255
minecraft:smooth_quartz,236,230,223,255
minecraft:smooth_red_sandstone,181,97,31,255
minecraft:smooth_sandstone,223,214,170,255
minecraft:smooth_stone,158,158,158,255
minecraft:snow_block,249,254,254,255
minecraft:soul_sand,81,62,50,255
minecraft:soul_soil,75,57,46,255
minecraft:spawner,36,46,62,175
minecraft:sponge,195,192,74,255
minecraft:spruce_planks,114,84,48,255
minecraft:stone,125,125,125,255
minecraft:stone_bricks,122,121,122,255
minecraft:suspicious_gravel_0,129,125,124,255
minecraft:suspicious_gravel_1,128,123,122,255
minecraft:suspicious_gravel_2,126,120,120,255
minecraft:suspicious_gravel_3,124,119,118,255
minecraft:suspicious_sand_0,217,204,159,255
minecraft:suspicious_sand_1,216,202,156,255
minecraft:suspicious_sand_2,214,198,151,255
minecraft:suspicious_sand_3,210,193,145,255
minecraft:terracotta,152,94,67,255
minecraft:tinted_glass,43,38,45,131
minecraft:tube_coral_block,49,87,206,255
minecraft:tuff,108,109,102,255
minecraft:tuff_bricks,98,102,95,255
minecraft:warped_planks,43,104,99,255
minecraft:warped_wart_block,22,119,121,255
minecraft:waxed_weathered_chiseled_copper,104,150,111,255
minecraft:waxed_weathered_copper,108,153,110,255
minecraft:waxed_weathered_copper_bulb,92,126,99,255
minecraft:waxed_weathered_copper_grate,106,152,110,178
minecraft:waxed_weathered_cut_copper,109,145,107,255
minecraft:wet_sponge,171,181,70,255
minecraft:white_concrete,207,213,214,255
minecraft:white_concrete_powder,225,227,227,255
minecraft:white_stained_glass,255,255,255,117
minecraft:white_terracotta,209,178,161,255
minecraft:white_wool,233,236,236,255
minecraft:yellow_concrete,240,175,21,255
minecraft:yellow_concrete_powder,232,199,54,255
minecraft:yellow_stained_glass,229,229,51,117
minecraft:yellow_terracotta,186,133,35,255
minecraft:yellow_wool,248,197,39,255
